timestamp,simple-path,time
2021-12-12 12:53:40.947,/master/welcome,4178
2021-12-12 12:53:46.242,/master/welcome,257
2021-12-12 12:53:49.061,/master/sign-in,1689
2021-12-12 12:53:55.37,/master/welcome,596
2021-12-12 12:54:04.589,/master/welcome,241
2021-12-12 12:54:06.305,/master/welcome,597
2021-12-12 12:54:08.689,/master/welcome,214
2021-12-12 12:54:09.946,/master/welcome,206
2021-12-12 12:54:13.731,/anonymous/shout/create,588
2021-12-12 12:54:21.834,/master/welcome,590
2021-12-12 12:54:26.182,/anonymous/shout/list,1126
2021-12-12 12:54:37.291,/master/welcome,251
2021-12-12 12:54:38.554,/master/welcome,222
2021-12-12 12:54:44.35,/anonymous/shout/create,593
2021-12-12 12:54:55.474,/master/welcome,615
2021-12-12 12:55:00.283,/anonymous/shout/list,595
2021-12-12 12:55:16.327,/master/welcome,222
2021-12-12 12:55:17.585,/master/welcome,227
2021-12-12 12:55:23.387,/anonymous/shout/create,600
2021-12-12 12:55:32.475,/master/welcome,604
2021-12-12 12:55:40.288,/anonymous/shout/list,595
2021-12-12 12:55:56.36,/master/welcome,252
2021-12-12 12:55:57.605,/master/welcome,205
2021-12-12 12:56:04.418,/anonymous/shout/create,606
2021-12-12 12:56:14.488,/master/welcome,600
2021-12-12 12:56:19.286,/anonymous/shout/list,594
2021-12-12 12:56:31.32,/master/welcome,204
2021-12-12 12:56:35.568,/master/welcome,205
2021-12-12 12:56:42.341,/anonymous/shout/create,589
2021-12-12 12:56:51.387,/master/welcome,588
2021-12-12 12:56:56.184,/anonymous/shout/list,590
2021-12-12 12:57:10.216,/master/welcome,235
2021-12-12 12:57:11.473,/master/welcome,219
2021-12-12 12:57:17.257,/anonymous/shout/create,589
2021-12-12 12:57:25.323,/master/welcome,589
2021-12-12 12:57:28.099,/anonymous/shout/list,588
2021-12-12 12:57:42.177,/master/welcome,231
2021-12-12 12:57:46.412,/master/welcome,187
2021-12-12 12:57:54.229,/anonymous/shout/create,596
2021-12-12 12:58:00.288,/master/welcome,593
2021-12-12 12:58:06.099,/anonymous/shout/list,587
2021-12-12 12:58:17.18,/master/welcome,236
2021-12-12 12:58:22.416,/master/welcome,182
2021-12-12 12:58:25.192,/anonymous/shout/create,591
2021-12-12 12:58:31.271,/master/welcome,594
2021-12-12 12:58:38.047,/anonymous/shout/list,583
2021-12-12 12:58:54.079,/master/welcome,222
2021-12-12 12:58:57.893,/anonymous/shout/list,589
2021-12-12 12:59:13.197,/master/welcome,218
2021-12-12 12:59:20.023,/anonymous/shout/list,596
2021-12-12 12:59:34.273,/master/welcome,217
2021-12-12 12:59:40.055,/anonymous/shout/list,593
2021-12-12 12:59:53.279,/master/welcome,200
2021-12-12 12:59:59.056,/anonymous/shout/list,592
2021-12-12 13:00:16.318,/master/welcome,237
2021-12-12 13:00:22.094,/anonymous/shout/list,591
2021-12-12 13:00:39.384,/master/welcome,204
2021-12-12 13:00:45.176,/anonymous/shout/list,595
2021-12-12 13:00:59.43,/master/welcome,225
2021-12-12 13:01:05.197,/anonymous/shout/list,585
2021-12-12 13:01:23.461,/master/welcome,185
2021-12-12 13:01:27.25,/anonymous/shout/list,588
2021-12-12 13:01:44.549,/master/welcome,215
2021-12-12 13:01:48.319,/anonymous/shout/list,582
2021-12-12 13:02:05.588,/master/welcome,207
2021-12-12 13:02:08.366,/anonymous/shout/list,583
2021-12-12 13:02:23.68,/master/welcome,233
2021-12-12 13:02:26.459,/anonymous/shout/list,589
2021-12-12 13:02:42.719,/master/welcome,187
2021-12-12 13:02:48.498,/anonymous/shout/list,593
2021-12-12 13:03:05.821,/master/welcome,218
2021-12-12 13:03:10.601,/anonymous/shout/list,594
2021-12-12 13:03:27.86,/master/welcome,204
2021-12-12 13:03:35.681,/anonymous/shout/list,589
2021-12-12 13:03:52.019,/master/welcome,223
2021-12-12 13:03:56.793,/anonymous/shout/list,585
2021-12-12 13:04:15.097,/master/welcome,206
2021-12-12 13:04:22.899,/anonymous/shout/list,608
2021-12-12 13:04:41.179,/master/welcome,189
2021-12-12 13:04:42.417,/master/welcome,196
2021-12-12 13:04:46.249,/anonymous/shout/create,604
2021-12-12 13:04:54.346,/anonymous/shout/create,603
2021-12-12 13:04:58.697,/master/welcome,223
2021-12-12 13:05:02.944,/master/welcome,200
2021-12-12 13:05:06.725,/anonymous/shout/create,587
2021-12-12 13:05:16.81,/anonymous/shout/create,602
2021-12-12 13:05:20.134,/master/welcome,203
2021-12-12 13:05:21.372,/master/welcome,185
2021-12-12 13:05:24.173,/anonymous/shout/create,598
2021-12-12 13:05:32.3,/anonymous/shout/create,606
2021-12-12 13:05:35.617,/master/welcome,203
2021-12-12 13:05:38.886,/master/welcome,229
2021-12-12 13:05:43.704,/anonymous/shout/create,594
2021-12-12 13:05:54.797,/anonymous/shout/create,590
2021-12-12 13:06:00.12,/master/welcome,200
2021-12-12 13:06:03.361,/master/welcome,202
2021-12-12 13:06:08.176,/anonymous/shout/create,605
2021-12-12 13:06:18.283,/anonymous/shout/create,590
2021-12-12 13:06:20.617,/master/welcome,205
2021-12-12 13:06:25.852,/master/welcome,195
2021-12-12 13:06:30.65,/anonymous/shout/create,588
2021-12-12 13:06:41.76,/anonymous/shout/create,606
2021-12-12 13:06:47.075,/master/welcome,188
2021-12-12 13:06:51.319,/master/welcome,201
2021-12-12 13:06:54.127,/anonymous/shout/create,603
2021-12-12 13:07:01.224,/anonymous/shout/create,604
2021-12-12 13:07:09.6,/master/welcome,269
2021-12-12 13:07:12.875,/master/welcome,226
2021-12-12 13:07:18.591,/master/sign-in,579
2021-12-12 13:07:25.949,/master/welcome,583
2021-12-12 13:07:35.602,/master/welcome,215
2021-12-12 13:07:40.335,/master/welcome,587
2021-12-12 13:07:42.659,/master/welcome,217
2021-12-12 13:07:43.939,/master/welcome,234
2021-12-12 13:07:46.655,/master/sign-in,591
2021-12-12 13:07:53.993,/master/welcome,592
2021-12-12 13:07:58.865,/officer/duty/list,596
2021-12-12 13:08:03.255,/officer/duty/show,1130
2021-12-12 13:08:15.819,/officer/duty/list,655
2021-12-12 13:08:19.676,/officer/duty/show,592
2021-12-12 13:08:22.27,/master/welcome,186
2021-12-12 13:08:25.981,/master/welcome,593
2021-12-12 13:08:27.276,/master/welcome,204
2021-12-12 13:08:30.522,/master/welcome,202
2021-12-12 13:08:34.228,/master/sign-in,586
2021-12-12 13:08:43.533,/master/welcome,604
2021-12-12 13:08:49.369,/officer/duty/list,595
2021-12-12 13:08:56.233,/officer/duty/show,607
2021-12-12 13:09:10.721,/officer/duty/list,606
2021-12-12 13:09:16.605,/officer/duty/show,605
2021-12-12 13:09:22.225,/master/welcome,222
2021-12-12 13:09:26.937,/master/welcome,588
2021-12-12 13:09:31.238,/master/welcome,205
2021-12-12 13:09:32.481,/master/welcome,207
2021-12-12 13:09:38.183,/master/sign-in,585
2021-12-12 13:09:44.515,/master/welcome,588
2021-12-12 13:09:48.379,/officer/duty/list,593
2021-12-12 13:09:56.302,/officer/duty/show,639
2021-12-12 13:10:12.832,/officer/duty/list,605
2021-12-12 13:10:20.711,/officer/duty/show,608
2021-12-12 13:10:26.319,/master/welcome,204
2021-12-12 13:10:30.055,/master/welcome,605
2021-12-12 13:10:32.344,/master/welcome,207
2021-12-12 13:10:34.592,/master/welcome,209
2021-12-12 13:10:36.307,/master/sign-in,591
2021-12-12 13:10:44.592,/master/welcome,588
2021-12-12 13:10:48.454,/officer/duty/list,585
2021-12-12 13:10:54.295,/officer/duty/show,585
2021-12-12 13:11:08.792,/officer/duty/list,614
2021-12-12 13:11:17.641,/officer/duty/show,587
2021-12-12 13:11:23.25,/master/welcome,205
2021-12-12 13:11:28.975,/master/welcome,588
2021-12-12 13:11:33.276,/master/welcome,205
2021-12-12 13:11:37.546,/master/welcome,232
2021-12-12 13:11:41.259,/master/sign-in,595
2021-12-12 13:11:47.617,/master/welcome,605
2021-12-12 13:11:51.456,/officer/duty/list,589
2021-12-12 13:11:58.336,/officer/duty/show,604
2021-12-12 13:12:10.98,/officer/duty/update,587
2021-12-12 13:12:14.275,/master/welcome,217
2021-12-12 13:12:15.979,/master/welcome,587
2021-12-12 13:12:21.258,/master/welcome,188
2021-12-12 13:12:22.481,/master/welcome,184
2021-12-12 13:12:28.196,/master/sign-in,595
2021-12-12 13:12:35.492,/master/welcome,590
2021-12-12 13:12:40.333,/officer/duty/list,586
2021-12-12 13:12:47.18,/officer/duty/show,593
2021-12-12 13:13:01.793,/officer/duty/update,615
2021-12-12 13:13:07.068,/master/welcome,204
2021-12-12 13:13:11.817,/master/welcome,595
2021-12-12 13:13:16.091,/master/welcome,183
2021-12-12 13:13:21.35,/master/welcome,216
2021-12-12 13:13:25.085,/master/sign-in,598
2021-12-12 13:13:32.413,/master/welcome,594
2021-12-12 13:13:36.247,/officer/duty/list,593
2021-12-12 13:13:44.125,/officer/duty/show,591
2021-12-12 13:14:00.74,/officer/duty/update,608
2021-12-12 13:14:06.015,/master/welcome,203
2021-12-12 13:14:11.739,/master/welcome,589
2021-12-12 13:14:17.011,/master/welcome,191
2021-12-12 13:14:21.248,/master/welcome,196
2021-12-12 13:14:22.962,/master/sign-in,597
2021-12-12 13:14:31.309,/master/welcome,596
2021-12-12 13:14:35.145,/officer/duty/list,593
2021-12-12 13:14:43.024,/officer/duty/show,615
2021-12-12 13:14:56.684,/officer/duty/update,604
2021-12-12 13:15:01.966,/master/welcome,204
2021-12-12 13:15:06.697,/master/welcome,595
2021-12-12 13:15:14.94,/master/welcome,244
2021-12-12 13:15:19.199,/master/welcome,221
2021-12-12 13:15:23.916,/master/sign-in,591
2021-12-12 13:15:31.223,/master/welcome,591
2021-12-12 13:15:39.008,/master/welcome,327
2021-12-12 13:15:44.741,/master/welcome,592
2021-12-12 13:15:48.016,/master/welcome,192
2021-12-12 13:15:49.254,/master/welcome,186
2021-12-12 13:15:54.965,/master/sign-in,587
2021-12-12 13:16:05.274,/master/welcome,594
2021-12-12 13:16:10.104,/authenticated/provider/create,593
2021-12-12 13:16:16.057,/master/welcome,596
2021-12-12 13:16:22.84,/authenticated/provider/update,586
2021-12-12 13:16:29.391,/master/welcome,230
2021-12-12 13:16:31.113,/master/welcome,604
2021-12-12 13:16:38.664,/master/welcome,254
2021-12-12 13:16:41.916,/master/welcome,203
2021-12-12 13:16:47.633,/master/sign-in,586
2021-12-12 13:16:54.94,/master/welcome,591
2021-12-12 13:17:05.59,/master/welcome,208
2021-12-12 13:17:09.3,/master/welcome,592
2021-12-12 13:17:12.635,/master/welcome,244
2021-12-12 13:17:17.882,/master/welcome,206
2021-12-12 13:17:22.618,/master/sign-in,593
2021-12-12 13:17:31.915,/master/welcome,595
2021-12-12 13:17:34.581,/master/welcome,218
2021-12-12 13:17:39.305,/master/welcome,591
2021-12-12 13:17:42.62,/master/welcome,209
2021-12-12 13:17:45.852,/master/welcome,191
2021-12-12 13:17:49.603,/master/sign-in,636
2021-12-12 13:17:56.917,/master/welcome,596
2021-12-12 13:18:03.74,/officer/duty/list,588
2021-12-12 13:18:27.934,/officer/duty/show,608
2021-12-12 13:18:33.962,/officer/duty/list,605
2021-12-12 13:18:38.189,/master/welcome,186
2021-12-12 13:18:40.904,/master/welcome,586
2021-12-12 13:18:43.191,/master/welcome,205
2021-12-12 13:18:44.435,/master/welcome,200
2021-12-12 13:18:49.184,/master/sign-in,610
2021-12-12 13:18:57.494,/master/welcome,588
2021-12-12 13:19:04.31,/officer/duty/list,593
2021-12-12 13:19:26.364,/officer/duty/show,595
2021-12-12 13:19:28.398,/officer/duty/list,607
2021-12-12 13:19:30.65,/master/welcome,200
2021-12-12 13:19:35.377,/master/welcome,591
2021-12-12 13:19:37.674,/master/welcome,205
2021-12-12 13:19:41.901,/master/welcome,187
2021-12-12 13:19:43.622,/master/sign-in,578
2021-12-12 13:19:48.927,/master/welcome,595
2021-12-12 13:19:53.759,/officer/duty/list,596
2021-12-12 13:20:18.896,/officer/duty/show,591
2021-12-12 13:20:20.91,/officer/duty/list,589
2021-12-12 13:20:24.161,/master/welcome,201
2021-12-12 13:20:28.886,/master/welcome,593
2021-12-12 13:20:33.162,/master/welcome,190
2021-12-12 13:20:36.396,/master/welcome,186
2021-12-12 13:20:39.1,/master/sign-in,591
2021-12-12 13:20:44.398,/master/welcome,591
2021-12-12 13:20:48.227,/officer/duty/list,593
2021-12-12 13:21:08.331,/officer/duty/show,594
2021-12-12 13:21:10.367,/officer/duty/list,607
2021-12-12 13:21:15.599,/master/welcome,193
2021-12-12 13:21:17.316,/master/welcome,591
2021-12-12 13:21:21.951,/master/welcome,544
2021-12-12 13:21:23.478,/master/welcome,482
2021-12-12 13:21:27.737,/master/sign-in,1129
2021-12-12 13:21:37.539,/master/welcome,591
2021-12-12 13:21:41.371,/officer/duty/list,593
2021-12-12 13:22:05.53,/officer/duty/show,593
2021-12-12 13:22:09.129,/officer/duty/list,607
2021-12-12 13:22:12.668,/master/welcome,496
2021-12-12 13:22:14.372,/master/welcome,589
2021-12-12 13:22:23.658,/master/welcome,271
2021-12-12 13:22:25.896,/master/welcome,194
2021-12-12 13:22:27.623,/master/sign-in,593
2021-12-12 13:22:36.921,/master/welcome,590
2021-12-12 13:22:47.567,/master/welcome,222
2021-12-12 13:22:49.294,/master/welcome,589
2021-12-12 13:22:50.583,/master/welcome,203
2021-12-12 13:22:55.821,/master/welcome,191
2021-12-12 13:22:59.544,/master/sign-in,593
2021-12-12 13:23:07.834,/master/welcome,592
2021-12-12 13:23:13.681,/officer/duty/list,590
2021-12-12 13:23:32.747,/officer/duty/show,593
2021-12-12 13:23:36.287,/master/welcome,203
2021-12-12 13:23:38.993,/master/welcome,591
2021-12-12 13:23:41.294,/master/welcome,202
2021-12-12 13:23:46.563,/master/welcome,222
2021-12-12 13:23:50.266,/master/sign-in,589
2021-12-12 13:23:57.564,/master/welcome,588
2021-12-12 13:24:01.382,/officer/duty/list,586
2021-12-12 13:24:25.473,/officer/duty/show,589
2021-12-12 13:24:27.989,/master/welcome,177
2021-12-12 13:24:31.713,/master/welcome,593
2021-12-12 13:24:32.98,/master/welcome,185
2021-12-12 13:24:35.21,/master/welcome,184
2021-12-12 13:24:36.919,/master/sign-in,592
2021-12-12 13:24:45.217,/master/welcome,592
2021-12-12 13:24:49.055,/officer/duty/list,591
2021-12-12 13:25:08.152,/officer/duty/show,586
2021-12-12 13:25:10.682,/master/welcome,190
2021-12-12 13:25:12.399,/master/welcome,593
2021-12-12 13:25:14.68,/master/welcome,185
2021-12-12 13:25:18.902,/master/welcome,181
2021-12-12 13:25:23.614,/master/sign-in,591
2021-12-12 13:25:27.907,/master/welcome,591
2021-12-12 13:25:34.772,/officer/duty/list,590
2021-12-12 13:26:01.896,/officer/duty/show,595
2021-12-12 13:26:06.412,/master/welcome,189
2021-12-12 13:26:12.143,/master/welcome,593
2021-12-12 13:26:13.411,/master/welcome,187
2021-12-12 13:26:18.642,/master/welcome,185
2021-12-12 13:26:23.365,/master/sign-in,591
2021-12-12 13:26:30.671,/master/welcome,590
2021-12-12 13:26:38.515,/officer/duty/list,611
2021-12-12 13:27:03.689,/officer/duty/show,601
2021-12-12 13:27:07.209,/master/welcome,187
2021-12-12 13:27:10.918,/master/welcome,591
2021-12-12 13:27:16.2,/master/welcome,190
2021-12-12 13:27:20.435,/master/welcome,186
2021-12-12 13:27:22.166,/master/sign-in,593
2021-12-12 13:27:28.463,/master/welcome,588
2021-12-12 13:27:34.318,/officer/duty/list,586
2021-12-12 13:28:01.463,/officer/duty/show,581
2021-12-12 13:28:05.988,/master/welcome,192
2021-12-12 13:28:10.698,/master/welcome,594
2021-12-12 13:28:12.999,/master/welcome,221
2021-12-12 13:28:16.225,/master/welcome,192
2021-12-12 13:28:19.96,/master/sign-in,592
2021-12-12 13:28:24.248,/master/welcome,592
2021-12-12 13:28:30.097,/officer/duty/list,589
2021-12-12 13:28:55.254,/officer/duty/show,593
2021-12-12 13:28:59.792,/master/welcome,185
2021-12-12 13:29:05.528,/master/welcome,590
2021-12-12 13:29:09.82,/master/welcome,186
2021-12-12 13:29:14.063,/master/welcome,200
2021-12-12 13:29:16.804,/master/sign-in,591
2021-12-12 13:29:25.156,/master/welcome,592
2021-12-12 13:29:31.004,/officer/duty/list,595
2021-12-12 13:29:51.118,/officer/duty/show,587
2021-12-12 13:29:56.643,/master/welcome,189
2021-12-12 13:29:59.381,/master/welcome,597
2021-12-12 13:30:04.696,/master/welcome,217
2021-12-12 13:30:07.939,/master/welcome,201
2021-12-12 13:30:09.644,/master/sign-in,590
2021-12-12 13:30:18.993,/master/welcome,588
2021-12-12 13:30:22.833,/officer/duty/list,591
2021-12-12 13:30:44.998,/officer/duty/show,591
2021-12-12 13:30:46.524,/master/welcome,189
2021-12-12 13:30:48.24,/master/welcome,598
2021-12-12 13:30:51.543,/master/welcome,202
2021-12-12 13:30:53.79,/master/welcome,200
2021-12-12 13:30:59.53,/master/sign-in,593
2021-12-12 13:31:08.821,/master/welcome,591
2021-12-12 13:31:12.678,/officer/duty/list,588
2021-12-12 13:31:35.771,/officer/duty/show,588
2021-12-12 13:31:40.301,/master/welcome,187
2021-12-12 13:31:46.006,/master/welcome,591
2021-12-12 13:31:55.38,/master/welcome,292
2021-12-12 13:31:57.87,/master/welcome,433
2021-12-12 13:32:02.606,/master/sign-in,597
2021-12-12 13:32:07.439,/master/welcome,603
2021-12-12 13:32:12.918,/master/welcome,509
2021-12-12 13:32:18.649,/master/welcome,590
2021-12-12 13:32:21.241,/master/welcome,491
2021-12-12 13:32:23.774,/master/welcome,482
2021-12-12 13:32:29.513,/master/sign-in,599
2021-12-12 13:32:38.326,/master/welcome,589
2021-12-12 13:32:42.156,/authenticated/provider/create,588
2021-12-12 13:32:47.665,/master/welcome,1164
2021-12-12 13:32:52.44,/authenticated/provider/update,591
2021-12-12 13:33:00.245,/master/welcome,488
2021-12-12 13:33:04.948,/master/welcome,589
2021-12-12 13:33:10.435,/master/welcome,285
2021-12-12 13:33:15.69,/master/welcome,204
2021-12-12 13:33:20.432,/master/sign-in,593
2021-12-12 13:33:24.737,/master/welcome,595
2021-12-12 13:33:32.368,/master/welcome,219
2021-12-12 13:33:34.071,/master/welcome,585
2021-12-12 13:33:35.638,/master/welcome,481
2021-12-12 13:33:40.129,/master/welcome,451
2021-12-12 13:33:41.834,/master/sign-in,592
2021-12-12 13:33:50.64,/master/welcome,588
2021-12-12 13:33:56.049,/administrator/spam/create,1136
2021-12-12 13:34:03.431,/master/welcome,1164
2021-12-12 13:34:09.004,/master/welcome,525
2021-12-12 13:34:13.729,/master/welcome,596
2021-12-12 13:34:18.558,/anonymous/shout/create,576
2021-12-12 13:34:24.63,/anonymous/shout/create,599
2021-12-12 13:34:30.06,/master/welcome,296
2021-12-12 13:34:32.31,/master/welcome,211
2021-12-12 13:34:36.041,/master/sign-in,592
2021-12-12 13:34:44.859,/master/welcome,590
2021-12-12 13:34:55.788,/master/welcome,475
2021-12-12 13:34:57.49,/master/welcome,589
2021-12-12 13:34:59.068,/master/welcome,494
2021-12-12 13:35:00.576,/master/welcome,470
2021-12-12 13:35:04.275,/master/sign-in,581
2021-12-12 13:35:15.128,/master/welcome,593
2021-12-12 13:35:22.51,/authenticated/officer/create,1142
2021-12-12 13:35:25.727,/master/welcome,592
2021-12-12 13:35:33.059,/administrator/threshold/update,1138
2021-12-12 13:35:41.402,/master/welcome,609
2021-12-12 13:35:48.229,/officer/duty/create,590
2021-12-12 13:36:03.42,/master/welcome,1163
2021-12-12 13:36:10.456,/master/welcome,618
2021-12-12 13:36:14.969,/master/welcome,461
2021-12-12 13:36:18.69,/master/sign-in,593
2021-12-12 13:36:26.497,/master/welcome,592
2021-12-12 13:36:29.317,/authenticated/officer/create,585
2021-12-12 13:36:32.545,/master/welcome,1161
2021-12-12 13:36:38.333,/administrator/threshold/update,593
2021-12-12 13:36:43.674,/master/welcome,1152
2021-12-12 13:36:49.482,/officer/duty/create,588
2021-12-12 13:37:03.713,/master/welcome,1162
2021-12-12 13:37:15.547,/master/welcome,450
2021-12-12 13:37:17.066,/master/welcome,481
2021-12-12 13:37:22.779,/master/sign-in,592
2021-12-12 13:37:29.574,/master/welcome,593
2021-12-12 13:37:36.433,/authenticated/officer/create,598
2021-12-12 13:37:39.676,/master/welcome,1165
2021-12-12 13:37:43.463,/administrator/threshold/update,590
2021-12-12 13:37:49.841,/master/welcome,1169
2021-12-12 13:37:53.624,/officer/duty/create,588
2021-12-12 13:38:09.786,/master/welcome,605
2021-12-12 13:38:22.648,/master/welcome,467
2021-12-12 13:38:27.172,/master/welcome,485
2021-12-12 13:38:29.892,/master/sign-in,587
2021-12-12 13:38:35.704,/master/welcome,592
2021-12-12 13:38:39.527,/authenticated/officer/create,587
2021-12-12 13:38:45.763,/master/welcome,1156
2021-12-12 13:38:52.576,/administrator/threshold/update,592
2021-12-12 13:38:59.928,/master/welcome,1137
2021-12-12 13:39:06.714,/officer/duty/create,591
2021-12-12 13:39:21.911,/master/welcome,1143
2021-12-12 13:39:30.819,/master/welcome,499
2021-12-12 13:39:35.331,/master/welcome,457
2021-12-12 13:39:37.039,/master/sign-in,592
2021-12-12 13:39:42.851,/master/welcome,590
2021-12-12 13:39:46.678,/authenticated/officer/create,592
2021-12-12 13:39:48.877,/master/welcome,586
2021-12-12 13:39:51.647,/administrator/threshold/update,588
2021-12-12 13:39:56.003,/master/welcome,1153
2021-12-12 13:40:02.822,/officer/duty/create,590
2021-12-12 13:40:17.997,/master/welcome,1146
2021-12-12 13:40:30.403,/master/welcome,479
2021-12-12 13:40:34.914,/master/welcome,469
2021-12-12 13:40:38.675,/master/sign-in,626
2021-12-12 13:40:46.481,/master/welcome,589
2021-12-12 13:40:52.303,/authenticated/officer/create,589
2021-12-12 13:40:58.508,/master/welcome,591
2021-12-12 13:41:04.298,/administrator/threshold/update,590
2021-12-12 13:41:11.636,/master/welcome,599
2021-12-12 13:41:16.429,/officer/duty/create,594
2021-12-12 13:41:29.639,/master/welcome,1163
2021-12-12 13:41:42.526,/master/welcome,500
2021-12-12 13:41:44.019,/master/welcome,453
2021-12-12 13:41:47.732,/master/sign-in,592
2021-12-12 13:41:56.518,/master/welcome,591
2021-12-12 13:42:04.365,/authenticated/officer/create,594
2021-12-12 13:42:06.588,/master/welcome,1156
2021-12-12 13:42:13.391,/administrator/threshold/update,592
2021-12-12 13:42:16.732,/master/welcome,1153
2021-12-12 13:42:23.534,/officer/duty/create,591
2021-12-12 13:42:36.683,/master/welcome,1151
2021-12-12 13:42:49.529,/master/welcome,479
2021-12-12 13:42:51.016,/master/welcome,449
2021-12-12 13:42:54.748,/master/sign-in,590
2021-12-12 13:43:04.577,/master/welcome,609
2021-12-12 13:43:09.408,/administrator/threshold/update,593
2021-12-12 13:43:14.742,/master/welcome,1145
2021-12-12 13:43:20.537,/authenticated/officer/create,593
2021-12-12 13:43:22.777,/master/welcome,1157
2021-12-12 13:43:27.555,/officer/duty/create,586
2021-12-12 13:43:42.248,/officer/duty/create,607
2021-12-12 13:43:50.13,/master/welcome,467
2021-12-12 13:43:52.639,/master/welcome,466
2021-12-12 13:43:56.34,/master/sign-in,588
2021-12-12 13:44:06.156,/master/welcome,604
2021-12-12 13:44:11.002,/administrator/threshold/update,592
2021-12-12 13:44:16.346,/master/welcome,1143
2021-12-12 13:44:24.162,/authenticated/officer/create,589
2021-12-12 13:44:30.382,/master/welcome,1151
2021-12-12 13:44:33.176,/officer/duty/create,591
2021-12-12 13:44:46.866,/officer/duty/create,611
2021-12-12 13:44:55.861,/master/welcome,577
2021-12-12 13:44:57.339,/master/welcome,436
2021-12-12 13:44:59.054,/master/sign-in,593
2021-12-12 13:45:03.873,/master/welcome,591
2021-12-12 13:45:11.739,/administrator/threshold/update,582
2021-12-12 13:45:16.091,/master/welcome,1144
2021-12-12 13:45:22.92,/authenticated/officer/create,606
2021-12-12 13:45:29.149,/master/welcome,1149
2021-12-12 13:45:35.943,/officer/duty/create,586
2021-12-12 13:45:53.592,/officer/duty/create,608
2021-12-12 13:46:06.068,/master/welcome,483
2021-12-12 13:46:09.603,/master/welcome,486
2021-12-12 13:46:14.321,/master/sign-in,587
2021-12-12 13:46:22.132,/master/welcome,592
2021-12-12 13:46:25.996,/administrator/threshold/update,588
2021-12-12 13:46:30.325,/master/welcome,1140
2021-12-12 13:46:36.128,/authenticated/officer/create,586
2021-12-12 13:46:40.358,/master/welcome,1161
2021-12-12 13:46:46.169,/officer/duty/create,589
2021-12-12 13:46:58.818,/officer/duty/create,605
2021-12-12 13:47:07.727,/master/welcome,492
2021-12-12 13:47:09.251,/master/welcome,476
2021-12-12 13:47:12.977,/master/sign-in,594
2021-12-12 13:47:18.802,/master/welcome,593
2021-12-12 13:47:22.641,/administrator/threshold/update,589
2021-12-12 13:47:27.992,/master/welcome,1160
2021-12-12 13:47:33.802,/authenticated/officer/create,582
2021-12-12 13:47:37.021,/master/welcome,1153
2021-12-12 13:47:40.817,/officer/duty/create,593
2021-12-12 13:47:58.496,/officer/duty/create,603
2021-12-12 13:48:04.383,/master/welcome,484
2021-12-12 13:48:06.947,/master/welcome,521
2021-12-12 13:48:09.658,/master/sign-in,588
2021-12-12 13:48:18.477,/master/welcome,601
2021-12-12 13:48:23.312,/administrator/threshold/update,593
2021-12-12 13:48:29.63,/master/welcome,1126
2021-12-12 13:48:36.411,/authenticated/officer/create,592
2021-12-12 13:48:39.078,/master/welcome,586
2021-12-12 13:48:46.875,/officer/duty/create,594
2021-12-12 13:49:03.549,/officer/duty/create,591
2021-12-12 13:49:12.433,/master/welcome,482
2021-12-12 13:49:14.94,/master/welcome,463
2021-12-12 13:49:20.644,/master/sign-in,589
2021-12-12 13:49:27.427,/master/welcome,591
2021-12-12 13:49:32.257,/administrator/threshold/update,591
2021-12-12 13:49:36.614,/master/welcome,1163
2021-12-12 13:49:44.389,/authenticated/officer/create,587
2021-12-12 13:49:48.617,/master/welcome,1160
2021-12-12 13:49:53.415,/officer/duty/create,596
2021-12-12 13:50:10.028,/officer/duty/create,588
2021-12-12 13:50:20.599,/master/welcome,257
2021-12-12 13:50:22.831,/master/welcome,189
2021-12-12 13:50:26.545,/master/sign-in,599
2021-12-12 13:50:33.879,/master/welcome,610
2021-12-12 13:50:41.543,/master/welcome,227
2021-12-12 13:50:45.293,/master/welcome,596
2021-12-12 13:50:47.597,/master/welcome,190
2021-12-12 13:50:51.829,/master/welcome,188
2021-12-12 13:50:56.55,/anonymous/user-account/create,587
2021-12-12 13:51:10.421,/master/welcome,598
2021-12-12 13:51:13.676,/master/welcome,185
2021-12-12 13:51:19.415,/master/sign-in,596
2021-12-12 13:51:27.723,/master/welcome,592
2021-12-12 13:51:31.572,/authenticated/user-account/update,594
2021-12-12 13:51:39.937,/master/welcome,596
2021-12-12 13:51:43.168,/master/welcome,190
2021-12-12 13:51:46.884,/master/welcome,592
2021-12-12 13:51:50.146,/master/welcome,186
2021-12-12 13:51:51.857,/master/sign-in,592
2021-12-12 13:52:01.204,/master/welcome,608
2021-12-12 13:52:06.489,/master/welcome,198
2021-12-12 13:52:08.217,/master/welcome,607
2021-12-12 13:52:09.524,/master/welcome,216
2021-12-12 13:52:12.756,/master/welcome,196
2021-12-12 13:52:17.48,/anonymous/user-account/create,596
2021-12-12 13:52:28.37,/master/welcome,612
2021-12-12 13:52:30.667,/master/welcome,219
2021-12-12 13:52:33.415,/master/sign-in,602
2021-12-12 13:52:42.763,/master/welcome,603
2021-12-12 13:52:47.654,/authenticated/user-account/update,608
2021-12-12 13:53:00.06,/master/welcome,608
2021-12-12 13:53:02.269,/master/welcome,169
2021-12-12 13:53:03.985,/master/welcome,593
2021-12-12 13:53:07.253,/master/welcome,189
2021-12-12 13:53:12.981,/master/sign-in,597
2021-12-12 13:53:18.305,/master/welcome,605
2021-12-12 13:53:22.577,/master/welcome,185
2021-12-12 13:53:27.298,/master/welcome,597
2021-12-12 13:53:36.636,/master/welcome,273
2021-12-12 13:53:41.888,/master/welcome,199
2021-12-12 13:53:43.603,/master/sign-in,595
2021-12-12 13:53:51.93,/master/welcome,591
2021-12-12 13:54:03.589,/master/welcome,206
2021-12-12 13:54:06.301,/master/welcome,595
2021-12-12 13:54:11.591,/master/welcome,205
2021-12-12 13:54:18.409,/anonymous/duty/list,607
2021-12-12 13:54:39.59,/anonymous/duty/show,600
2021-12-12 13:54:41.104,/master/welcome,200
2021-12-12 13:54:45.907,/anonymous/duty/list,610
2021-12-12 13:55:09.09,/anonymous/duty/show,592
2021-12-12 13:55:10.626,/master/welcome,206
2021-12-12 13:55:13.415,/anonymous/duty/list,596
2021-12-12 13:55:38.546,/anonymous/duty/show,596
2021-12-12 13:55:44.095,/master/welcome,222
2021-12-12 13:55:48.896,/anonymous/duty/list,598
2021-12-12 13:56:12.097,/anonymous/duty/show,597
2021-12-12 13:56:16.633,/master/welcome,218
2021-12-12 13:56:22.475,/anonymous/duty/list,606
2021-12-12 13:56:45.676,/anonymous/duty/show,608
2021-12-12 13:56:51.197,/master/welcome,204
2021-12-12 13:56:57.979,/anonymous/duty/list,578
2021-12-12 13:57:20.101,/anonymous/duty/show,591
2021-12-12 13:57:22.67,/master/welcome,222
2021-12-12 13:57:26.446,/anonymous/duty/list,593
2021-12-12 13:57:52.651,/anonymous/duty/show,592
2021-12-12 13:57:55.197,/master/welcome,221
2021-12-12 13:57:58.0,/anonymous/duty/list,611
2021-12-12 13:58:19.113,/anonymous/duty/show,595
2021-12-12 13:58:21.655,/master/welcome,204
2021-12-12 13:58:25.465,/anonymous/duty/list,611
2021-12-12 13:58:44.642,/anonymous/duty/show,601
2021-12-12 13:58:50.177,/master/welcome,207
2021-12-12 13:58:53.966,/anonymous/duty/list,593
2021-12-12 13:59:17.094,/anonymous/duty/show,597
2021-12-12 13:59:19.618,/master/welcome,209
2021-12-12 13:59:26.447,/anonymous/duty/list,597
2021-12-12 13:59:47.637,/anonymous/duty/show,605
2021-12-12 13:59:51.186,/master/welcome,190
2021-12-12 13:59:53.981,/anonymous/duty/list,591
2021-12-12 14:00:15.211,/anonymous/duty/show,612
2021-12-12 14:00:22.839,/master/welcome,287
2021-12-12 14:00:27.073,/master/welcome,187
2021-12-12 14:00:32.821,/master/sign-in,608
2021-12-12 14:00:42.218,/master/welcome,609
2021-12-12 14:00:48.983,/master/welcome,311
2021-12-12 14:00:54.7,/master/welcome,592
2021-12-12 14:00:58.999,/master/welcome,190
2021-12-12 14:01:04.234,/master/welcome,186
2021-12-12 14:01:07.957,/master/sign-in,601
2021-12-12 14:01:18.337,/master/welcome,612
2021-12-12 14:01:21.199,/administrator/dashboard/show,622
2021-12-12 14:01:28.332,/master/welcome,260
2021-12-12 14:01:31.586,/master/welcome,206
2021-12-12 14:01:36.336,/master/sign-in,614
2021-12-12 14:01:45.731,/master/welcome,594
2021-12-12 14:01:54.429,/master/welcome,229
2021-12-12 14:01:59.159,/master/welcome,603
2021-12-12 14:02:03.443,/master/welcome,189
2021-12-12 14:02:08.664,/master/welcome,186
2021-12-12 14:02:12.37,/master/sign-in,591
2021-12-12 14:02:17.79,/master/welcome,610
2021-12-12 14:02:23.663,/authenticated/provider/create,594
2021-12-12 14:02:29.677,/master/welcome,593
2021-12-12 14:02:32.94,/master/welcome,214
2021-12-12 14:02:34.665,/master/welcome,598
2021-12-12 14:02:40.203,/master/welcome,252
2021-12-12 14:02:42.451,/master/welcome,199
2021-12-12 14:02:47.169,/master/sign-in,600
2021-12-12 14:02:57.541,/master/welcome,595
2021-12-12 14:03:05.274,/master/welcome,297
2021-12-12 14:03:07.995,/master/welcome,592
2021-12-12 14:03:11.286,/master/welcome,186
2021-12-12 14:03:13.513,/master/welcome,187
2021-12-12 14:03:18.236,/anonymous/user-account/create,598
2021-12-12 14:03:32.115,/master/welcome,603
2021-12-12 14:03:34.366,/master/welcome,167
2021-12-12 14:03:40.13,/master/sign-in,609
2021-12-12 14:03:45.488,/master/welcome,608
2021-12-12 14:03:47.763,/master/welcome,187
2021-12-12 14:03:52.475,/master/welcome,588
2021-12-12 14:03:57.773,/master/welcome,207
2021-12-12 14:04:03.037,/master/welcome,218
2021-12-12 14:04:07.752,/anonymous/user-account/create,598
2021-12-12 14:04:20.653,/master/welcome,600
2021-12-12 14:04:24.907,/master/welcome,174
2021-12-12 14:04:28.627,/master/sign-in,594
2021-12-12 14:04:38.969,/master/welcome,609
2021-12-12 14:04:41.256,/master/welcome,186
2021-12-12 14:04:42.975,/master/welcome,597
2021-12-12 14:04:44.269,/master/welcome,204
2021-12-12 14:04:48.499,/master/welcome,186
2021-12-12 14:04:51.215,/anonymous/user-account/create,599
2021-12-12 14:05:08.209,/master/welcome,611
2021-12-12 14:05:11.508,/master/welcome,219
2021-12-12 14:05:15.216,/master/sign-in,595
2021-12-12 14:05:20.589,/master/welcome,594
2021-12-12 14:05:23.874,/master/welcome,201
2021-12-12 14:05:25.59,/master/welcome,597
2021-12-12 14:05:26.884,/master/welcome,201
2021-12-12 14:05:31.119,/master/welcome,184
2021-12-12 14:05:34.836,/anonymous/user-account/create,593
2021-12-12 14:05:48.782,/master/welcome,610
2021-12-12 14:05:51.059,/master/welcome,198
2021-12-12 14:05:54.802,/master/sign-in,596
2021-12-12 14:06:00.119,/master/welcome,608
2021-12-12 14:06:02.405,/master/welcome,194
2021-12-12 14:06:05.126,/master/welcome,593
2021-12-12 14:06:06.409,/master/welcome,186
2021-12-12 14:06:09.644,/master/welcome,183
2021-12-12 14:06:11.355,/anonymous/user-account/create,595
2021-12-12 14:06:26.139,/anonymous/user-account/create,598
2021-12-12 14:06:29.438,/master/welcome,205
2021-12-12 14:06:32.662,/master/welcome,183
2021-12-12 14:06:38.381,/anonymous/user-account/create,597
2021-12-12 14:06:55.222,/anonymous/user-account/create,589
2021-12-12 14:06:59.54,/master/welcome,218
2021-12-12 14:07:03.765,/master/welcome,180
2021-12-12 14:07:08.488,/anonymous/user-account/create,598
2021-12-12 14:07:24.364,/anonymous/user-account/create,611
2021-12-12 14:07:27.676,/master/welcome,198
2021-12-12 14:07:30.933,/master/welcome,212
2021-12-12 14:07:32.647,/anonymous/user-account/create,595
2021-12-12 14:07:47.605,/anonymous/user-account/create,611
2021-12-12 14:07:49.892,/master/welcome,203
2021-12-12 14:07:51.118,/master/welcome,181
2021-12-12 14:07:56.857,/anonymous/user-account/create,601
2021-12-12 14:08:10.762,/anonymous/user-account/create,589
2021-12-12 14:08:16.041,/master/welcome,188
2021-12-12 14:08:20.274,/master/welcome,187
2021-12-12 14:08:22.998,/anonymous/user-account/create,599
2021-12-12 14:08:38.923,/anonymous/user-account/create,610
2021-12-12 14:08:41.243,/master/welcome,218
2021-12-12 14:08:46.477,/master/welcome,190
2021-12-12 14:08:51.197,/anonymous/user-account/create,595
2021-12-12 14:09:08.04,/anonymous/user-account/create,588
2021-12-12 14:09:11.373,/master/welcome,240
2021-12-12 14:09:14.606,/master/welcome,189
2021-12-12 14:09:20.32,/anonymous/user-account/create,592
2021-12-12 14:09:34.184,/anonymous/user-account/create,601
2021-12-12 14:09:39.478,/master/welcome,203
2021-12-12 14:09:42.744,/master/welcome,215
2021-12-12 14:09:47.492,/anonymous/user-account/create,598
2021-12-12 14:10:00.4,/anonymous/user-account/create,593
2021-12-12 14:10:05.72,/master/welcome,281
2021-12-12 14:10:06.958,/master/welcome,191
2021-12-12 14:10:09.691,/master/sign-in,592
2021-12-12 14:10:18.026,/master/welcome,610
2021-12-12 14:10:23.679,/master/welcome,202
2021-12-12 14:10:27.462,/master/welcome,608
2021-12-12 14:10:31.746,/master/welcome,190
2021-12-12 14:10:33.98,/master/welcome,185
2021-12-12 14:10:35.697,/master/sign-in,597
2021-12-12 14:10:44.094,/master/welcome,592
2021-12-12 14:10:48.956,/authenticated/consumer/create,596
2021-12-12 14:10:54.886,/authenticated/consumer/create,603
2021-12-12 14:10:59.178,/master/welcome,219
2021-12-12 14:11:00.894,/master/welcome,596
2021-12-12 14:11:05.185,/master/welcome,201
2021-12-12 14:11:09.415,/master/welcome,187
2021-12-12 14:11:14.136,/master/sign-in,596
2021-12-12 14:11:20.457,/master/welcome,612
2021-12-12 14:11:27.293,/authenticated/consumer/create,596
2021-12-12 14:11:35.276,/authenticated/consumer/create,597
2021-12-12 14:11:36.554,/master/welcome,202
2021-12-12 14:11:39.305,/master/welcome,603
2021-12-12 14:11:40.636,/master/welcome,233
2021-12-12 14:11:41.853,/master/welcome,175
2021-12-12 14:11:45.578,/master/sign-in,598
2021-12-12 14:11:52.913,/master/welcome,611
2021-12-12 14:11:56.8,/authenticated/consumer/create,607
2021-12-12 14:12:03.824,/master/welcome,610
2021-12-12 14:12:09.091,/master/welcome,215
2021-12-12 14:12:12.838,/master/welcome,602
2021-12-12 14:12:19.118,/master/welcome,242
2021-12-12 14:12:23.388,/master/welcome,227
2021-12-12 14:12:27.097,/master/sign-in,594
2021-12-12 14:12:34.469,/master/welcome,597
2021-12-12 14:12:42.2,/master/welcome,297
2021-12-12 14:12:45.987,/master/welcome,609
2021-12-12 14:12:47.341,/master/welcome,251
2021-12-12 14:12:50.558,/master/welcome,175
2021-12-12 14:12:55.281,/master/sign-in,595
2021-12-12 14:13:04.662,/master/welcome,606
2021-12-12 14:13:10.536,/authenticated/duty/list,594
2021-12-12 14:13:31.705,/authenticated/duty/show,599
2021-12-12 14:13:37.213,/master/welcome,202
2021-12-12 14:13:40.919,/master/welcome,591
2021-12-12 14:13:45.213,/master/welcome,202
2021-12-12 14:13:47.453,/master/welcome,199
2021-12-12 14:13:49.189,/master/sign-in,593
2021-12-12 14:13:57.605,/master/welcome,614
2021-12-12 14:14:00.45,/authenticated/duty/list,605
2021-12-12 14:14:21.614,/authenticated/duty/show,597
2021-12-12 14:14:24.12,/master/welcome,190
2021-12-12 14:14:28.855,/master/welcome,594
2021-12-12 14:14:33.171,/master/welcome,211
2021-12-12 14:14:34.401,/master/welcome,190
2021-12-12 14:14:37.119,/master/sign-in,602
2021-12-12 14:14:45.492,/master/welcome,608
2021-12-12 14:14:49.338,/authenticated/duty/list,609
2021-12-12 14:15:13.496,/authenticated/duty/show,608
2021-12-12 14:15:14.993,/master/welcome,189
2021-12-12 14:15:18.736,/master/welcome,597
2021-12-12 14:15:22.01,/master/welcome,189
2021-12-12 14:15:24.238,/master/welcome,188
2021-12-12 14:15:25.974,/master/sign-in,613
2021-12-12 14:15:30.313,/master/welcome,607
2021-12-12 14:15:38.17,/authenticated/duty/list,613
2021-12-12 14:16:01.308,/authenticated/duty/show,611
2021-12-12 14:16:02.808,/master/welcome,200
2021-12-12 14:16:04.528,/master/welcome,596
2021-12-12 14:16:07.808,/master/welcome,188
2021-12-12 14:16:12.039,/master/welcome,183
2021-12-12 14:16:16.757,/master/sign-in,598
2021-12-12 14:16:23.119,/master/welcome,607
2021-12-12 14:16:29.973,/authenticated/duty/list,608
2021-12-12 14:16:51.205,/authenticated/duty/show,606
2021-12-12 14:16:54.715,/master/welcome,187
2021-12-12 14:16:58.421,/master/welcome,592
2021-12-12 14:17:00.711,/master/welcome,205
2021-12-12 14:17:04.932,/master/welcome,177
2021-12-12 14:17:07.639,/master/sign-in,591
2021-12-12 14:17:12.989,/master/welcome,610
2021-12-12 14:17:16.824,/authenticated/duty/list,590
2021-12-12 14:17:38.001,/authenticated/duty/show,596
2021-12-12 14:17:43.507,/master/welcome,187
2021-12-12 14:17:49.227,/master/welcome,596
2021-12-12 14:17:50.5,/master/welcome,189
2021-12-12 14:17:51.731,/master/welcome,186
2021-12-12 14:17:53.45,/master/sign-in,602
2021-12-12 14:18:00.803,/master/welcome,609
2021-12-12 14:18:03.662,/authenticated/duty/list,587
2021-12-12 14:18:23.757,/authenticated/duty/show,604
2021-12-12 14:18:25.256,/master/welcome,190
2021-12-12 14:18:30.966,/master/welcome,593
2021-12-12 14:18:36.24,/master/welcome,189
2021-12-12 14:18:40.479,/master/welcome,192
2021-12-12 14:18:43.205,/master/sign-in,598
2021-12-12 14:18:50.572,/master/welcome,609
2021-12-12 14:18:54.472,/authenticated/duty/list,653
2021-12-12 14:19:20.704,/authenticated/duty/show,610
2021-12-12 14:19:26.233,/master/welcome,224
2021-12-12 14:19:29.973,/master/welcome,599
2021-12-12 14:19:33.251,/master/welcome,185
2021-12-12 14:19:34.481,/master/welcome,183
2021-12-12 14:19:40.195,/master/sign-in,603
2021-12-12 14:19:49.53,/master/welcome,610
2021-12-12 14:19:55.39,/authenticated/duty/list,599
2021-12-12 14:20:20.669,/authenticated/duty/show,609
2021-12-12 14:20:24.215,/master/welcome,203
2021-12-12 14:20:28.933,/master/welcome,594
2021-12-12 14:20:34.215,/master/welcome,189
2021-12-12 14:20:37.434,/master/welcome,173
2021-12-12 14:20:41.183,/master/sign-in,597
2021-12-12 14:20:47.563,/master/welcome,599
2021-12-12 14:20:53.408,/authenticated/duty/list,605
2021-12-12 14:21:14.617,/authenticated/duty/show,612
2021-12-12 14:21:18.152,/master/welcome,187
2021-12-12 14:21:21.867,/master/welcome,599
2021-12-12 14:21:27.215,/master/welcome,261
2021-12-12 14:21:29.448,/master/welcome,180
2021-12-12 14:21:34.193,/master/sign-in,593
2021-12-12 14:21:39.528,/master/welcome,611
2021-12-12 14:21:46.42,/authenticated/duty/list,594
2021-12-12 14:22:07.594,/authenticated/duty/show,607
2021-12-12 14:22:13.115,/master/welcome,191
2021-12-12 14:22:16.857,/master/welcome,607
2021-12-12 14:22:21.13,/master/welcome,192
2021-12-12 14:22:25.354,/master/welcome,174
2021-12-12 14:22:31.072,/master/sign-in,599
2021-12-12 14:22:39.407,/master/welcome,612
2021-12-12 14:22:47.255,/authenticated/duty/list,605
2021-12-12 14:23:10.48,/authenticated/duty/show,602
2021-12-12 14:23:15.976,/master/welcome,187
2021-12-12 14:23:20.702,/master/welcome,593
2021-12-12 14:23:26.022,/master/welcome,246
2021-12-12 14:23:27.253,/master/welcome,189
2021-12-12 14:23:31.996,/master/sign-in,599
2021-12-12 14:23:40.342,/master/welcome,610
2021-12-12 14:23:48.007,/master/welcome,205
2021-12-12 14:23:51.736,/master/welcome,589
2021-12-12 14:23:55.01,/master/welcome,188
2021-12-12 14:23:57.239,/master/welcome,185
2021-12-12 14:23:58.957,/master/sign-in,597
2021-12-12 14:24:03.314,/master/welcome,608
2021-12-12 14:24:10.173,/officer/duty/create,591
2021-12-12 14:24:26.866,/master/welcome,607
2021-12-12 14:24:33.703,/officer/duty/list,601
2021-12-12 14:24:51.867,/officer/duty/show,590
2021-12-12 14:24:56.439,/master/welcome,202
2021-12-12 14:25:02.183,/master/welcome,598
2021-12-12 14:25:04.49,/master/welcome,201
2021-12-12 14:25:07.729,/master/welcome,189
2021-12-12 14:25:13.447,/master/sign-in,592
2021-12-12 14:25:21.814,/master/welcome,613
2021-12-12 14:25:26.678,/officer/duty/create,612
2021-12-12 14:25:40.433,/master/welcome,606
2021-12-12 14:25:47.233,/officer/duty/list,603
2021-12-12 14:26:08.436,/officer/duty/show,591
2021-12-12 14:26:10.996,/master/welcome,217
2021-12-12 14:26:14.713,/master/welcome,589
2021-12-12 14:26:18.989,/master/welcome,184
2021-12-12 14:26:20.226,/master/welcome,187
2021-12-12 14:26:24.948,/master/sign-in,598
2021-12-12 14:26:31.281,/master/welcome,607
2021-12-12 14:26:34.148,/officer/duty/create,590
2021-12-12 14:26:49.867,/master/welcome,616
2021-12-12 14:26:54.688,/officer/duty/list,609
2021-12-12 14:27:16.865,/officer/duty/show,595
2021-12-12 14:27:20.45,/master/welcome,215
2021-12-12 14:27:24.157,/master/welcome,592
2021-12-12 14:27:28.435,/master/welcome,187
2021-12-12 14:27:32.665,/master/welcome,181
2021-12-12 14:27:35.373,/master/sign-in,593
2021-12-12 14:27:40.673,/master/welcome,602
2021-12-12 14:27:48.548,/officer/duty/create,608
2021-12-12 14:28:03.216,/master/welcome,599
2021-12-12 14:28:08.04,/officer/duty/list,598
2021-12-12 14:28:33.193,/officer/duty/show,600
2021-12-12 14:28:35.789,/master/welcome,219
2021-12-12 14:28:39.514,/master/welcome,596
2021-12-12 14:28:42.811,/master/welcome,186
2021-12-12 14:28:47.039,/master/welcome,183
2021-12-12 14:28:49.753,/master/sign-in,595
2021-12-12 14:28:55.082,/master/welcome,600
2021-12-12 14:29:02.935,/officer/duty/create,594
2021-12-12 14:29:16.631,/master/welcome,604
2021-12-12 14:29:21.444,/officer/duty/list,592
2021-12-12 14:29:45.585,/officer/duty/show,609
2021-12-12 14:29:51.154,/master/welcome,201
2021-12-12 14:29:53.86,/master/welcome,588
2021-12-12 14:29:56.231,/master/welcome,185
2021-12-12 14:29:57.452,/master/welcome,176
2021-12-12 14:30:02.196,/master/sign-in,598
2021-12-12 14:30:09.511,/master/welcome,606
2021-12-12 14:30:16.339,/officer/duty/create,595
2021-12-12 14:30:30.062,/master/welcome,610
2021-12-12 14:30:33.851,/officer/duty/list,590
2021-12-12 14:31:00.072,/officer/duty/show,590
2021-12-12 14:31:05.607,/master/welcome,200
2021-12-12 14:31:11.365,/master/welcome,598
2021-12-12 14:31:16.636,/master/welcome,189
2021-12-12 14:31:17.876,/master/welcome,197
2021-12-12 14:31:20.595,/master/sign-in,592
2021-12-12 14:31:29.928,/master/welcome,593
2021-12-12 14:31:33.803,/officer/duty/create,598
2021-12-12 14:31:48.49,/master/welcome,609
2021-12-12 14:31:52.298,/officer/duty/list,589
2021-12-12 14:32:13.451,/officer/duty/show,610
2021-12-12 14:32:19.025,/master/welcome,203
2021-12-12 14:32:22.735,/master/welcome,598
2021-12-12 14:32:28.038,/master/welcome,209
2021-12-12 14:32:32.272,/master/welcome,186
2021-12-12 14:32:33.981,/master/sign-in,593
2021-12-12 14:32:40.31,/master/welcome,610
2021-12-12 14:32:46.167,/officer/duty/create,604
2021-12-12 14:33:00.818,/master/welcome,608
2021-12-12 14:33:05.647,/officer/duty/list,592
2021-12-12 14:33:26.819,/officer/duty/show,596
2021-12-12 14:33:31.351,/master/welcome,187
2021-12-12 14:33:35.089,/master/welcome,599
2021-12-12 14:33:37.365,/master/welcome,187
2021-12-12 14:33:40.604,/master/welcome,196
2021-12-12 14:33:44.329,/master/sign-in,599
2021-12-12 14:33:50.679,/master/welcome,596
2021-12-12 14:33:54.541,/officer/duty/create,594
2021-12-12 14:34:11.167,/master/welcome,606
2021-12-12 14:34:18.97,/officer/duty/list,595
2021-12-12 14:34:41.167,/officer/duty/show,603
2021-12-12 14:34:42.698,/master/welcome,185
2021-12-12 14:34:44.415,/master/welcome,594
2021-12-12 14:34:49.703,/master/welcome,204
2021-12-12 14:34:52.954,/master/welcome,199
2021-12-12 14:34:57.67,/master/sign-in,595
2021-12-12 14:35:06.023,/master/welcome,592
2021-12-12 14:35:08.851,/officer/duty/create,593
2021-12-12 14:35:26.542,/master/welcome,612
2021-12-12 14:35:31.305,/officer/duty/list,579
2021-12-12 14:35:55.482,/officer/duty/show,607
2021-12-12 14:35:59.055,/master/welcome,202
2021-12-12 14:36:03.78,/master/welcome,597
2021-12-12 14:36:06.065,/master/welcome,187
2021-12-12 14:36:11.291,/master/welcome,181
2021-12-12 14:36:13.0,/master/sign-in,588
2021-12-12 14:36:20.372,/master/welcome,610
2021-12-12 14:36:24.207,/officer/duty/create,592
2021-12-12 14:36:37.908,/officer/duty/create,594
2021-12-12 14:36:42.224,/master/welcome,205
2021-12-12 14:36:46.462,/master/welcome,185
2021-12-12 14:36:50.184,/master/sign-in,599
2021-12-12 14:36:56.508,/master/welcome,602
2021-12-12 14:36:59.38,/officer/duty/create,611
2021-12-12 14:37:11.061,/officer/duty/create,600
2021-12-12 14:37:14.339,/master/welcome,185
2021-12-12 14:37:16.577,/master/welcome,198
2021-12-12 14:37:20.325,/master/sign-in,590
2021-12-12 14:37:27.632,/master/welcome,604
2021-12-12 14:37:34.469,/officer/duty/create,592
2021-12-12 14:37:53.168,/officer/duty/create,609
2021-12-12 14:37:55.472,/master/welcome,209
2021-12-12 14:37:56.698,/master/welcome,195
2021-12-12 14:37:58.446,/master/sign-in,594
2021-12-12 14:38:07.788,/master/welcome,590
2021-12-12 14:38:10.623,/officer/duty/create,599
2021-12-12 14:38:28.278,/officer/duty/create,605
2021-12-12 14:38:30.592,/master/welcome,215
2021-12-12 14:38:35.812,/master/welcome,179
2021-12-12 14:38:37.528,/master/sign-in,597
2021-12-12 14:38:43.857,/master/welcome,591
2021-12-12 14:38:49.708,/officer/duty/create,594
2021-12-12 14:39:02.418,/officer/duty/create,615
2021-12-12 14:39:07.713,/master/welcome,206
2021-12-12 14:39:08.945,/master/welcome,185
2021-12-12 14:39:12.662,/master/sign-in,593
2021-12-12 14:39:17.99,/master/welcome,607
2021-12-12 14:39:24.82,/officer/duty/create,593
2021-12-12 14:39:44.583,/officer/duty/create,616
2021-12-12 14:39:47.87,/master/welcome,198
2021-12-12 14:39:52.101,/master/welcome,178
2021-12-12 14:39:54.814,/master/sign-in,597
2021-12-12 14:40:02.126,/master/welcome,591
2021-12-12 14:40:08.956,/officer/duty/create,590
2021-12-12 14:40:24.675,/officer/duty/create,609
2021-12-12 14:40:27.95,/master/welcome,192
2021-12-12 14:40:31.189,/master/welcome,188
2021-12-12 14:40:33.906,/master/sign-in,591
2021-12-12 14:40:41.28,/master/welcome,604
2021-12-12 14:40:46.126,/officer/duty/create,603
2021-12-12 14:41:00.774,/officer/duty/create,594
2021-12-12 14:41:06.06,/master/welcome,197
2021-12-12 14:41:10.292,/master/welcome,184
2021-12-12 14:41:16.006,/master/sign-in,594
2021-12-12 14:41:23.366,/master/welcome,602
2021-12-12 14:41:31.199,/officer/duty/create,587
2021-12-12 14:41:48.906,/officer/duty/create,607
2021-12-12 14:41:53.203,/master/welcome,202
2021-12-12 14:41:57.439,/master/welcome,183
2021-12-12 14:42:01.147,/master/sign-in,597
2021-12-12 14:42:07.507,/master/welcome,596
2021-12-12 14:42:14.371,/officer/duty/create,607
2021-12-12 14:42:28.047,/officer/duty/create,604
2021-12-12 14:42:29.345,/master/welcome,209
2021-12-12 14:42:33.581,/master/welcome,182
2021-12-12 14:42:36.323,/master/sign-in,592
2021-12-12 14:42:44.683,/master/welcome,609
2021-12-12 14:42:49.524,/officer/duty/create,589
2021-12-12 14:43:04.184,/officer/duty/create,588
2021-12-12 14:43:05.481,/master/welcome,201
2021-12-12 14:43:06.712,/master/welcome,185
2021-12-12 14:43:10.414,/master/sign-in,587
2021-12-12 14:43:14.754,/master/welcome,605
2021-12-12 14:43:18.605,/officer/duty/create,613
2021-12-12 14:43:38.309,/officer/duty/create,607
